Source: IEA World Energy Balances https://www.iea.org/data-and-statistics/data-product/world-energy-statistics-and-balances
Documentation: https://iea.blob.core.windows.net/assets/20a89a1b-634c-41f1-87d1-d218f07769fb/WORLDBAL_Documentation.pdf
This data is subject to the IEA's terms and conditions: https://www.iea.org/terms

,Coal,Natural gas,Hydro,"Wind, solar, etc.",Biofuels and waste,Oil,Nuclear,Units
1990,22211650,536080,456192,1388,8392235,4973396,,TJ
1995,27131803,627918,686077,54157,8573537,6534880,139996,TJ
2000,27830501,869018,800690,110795,8297058,9244890,182585,TJ
2005,50396233,1624042,1429261,221166,7050162,13306545,579142,TJ
2010,74961354,3742244,2560979,665155,5580696,17917681,805964,TJ
2015,83702969,6639779,4012092,2056636,4758080,22555622,1863153,TJ
2019,86732649,10390620,4581137,4028267,5299140,27131707,3800236,TJ